<?xml version="1.0" encoding="UTF-8"?>
<project-private xmlns="http://www.netbeans.org/ns/project-private/1">
    <editor-bookmarks xmlns="http://www.netbeans.org/ns/editor-bookmarks/2" lastBookmarkId="0"/>
    <open-files xmlns="http://www.netbeans.org/ns/projectui-open-files/2">
        <group>
            <file>file:/D:/JAVA/Final%20project/Chain%20Pastry%20Shop/src/Retailer/TransactionHistory.java</file>
            <file>file:/D:/JAVA/Final%20project/Chain%20Pastry%20Shop/src/HR/Grievance_HandilingController.java</file>
            <file>file:/D:/JAVA/Final%20project/Chain%20Pastry%20Shop/src/Retailer/TransactionHistoryController.java</file>
            <file>file:/D:/JAVA/Final%20project/Chain%20Pastry%20Shop/src/HR/Attandance.java</file>
            <file>file:/D:/JAVA/Final%20project/Chain%20Pastry%20Shop/src/HR/AttandanceController.java</file>
            <file>file:/D:/JAVA/Final%20project/Chain%20Pastry%20Shop/src/Retailer/ContractSupiler.java</file>
            <file>file:/D:/JAVA/Final%20project/Chain%20Pastry%20Shop/src/HR/GrievanceHandiling.java</file>
            <file>file:/D:/JAVA/Final%20project/Chain%20Pastry%20Shop/src/HR/AccountCreation.java</file>
            <file>file:/D:/JAVA/Final%20project/Chain%20Pastry%20Shop/src/HR/Account_CreationController.java</file>
        </group>
    </open-files>
</project-private>
